/sfc/npo/5640167991.html,$17/hr Lifeguards & Water Safety Instructors for Disabled
/sfc/npo/5640155017.html,Executive Director
/sby/npo/5640084354.html,Challenger Teachers in Training ($17- $23/hr.)
/nby/npo/5639652200.html,Executive Director Sonoma County Bicycle Coalition
/sfc/npo/5639593068.html,Counselor for Plant-Medicine based Addiction Recovery Center
/eby/npo/5639534342.html,"ASW, MFT Interns, and graduate students for field/practicum placements"
/eby/npo/5639506470.html,Executive Assistant - Alameda County Democratic Party
/sfc/npo/5639474730.html,Family Support Specialist-Home Visitor
/sfc/npo/5639473162.html,"Lead Clinician, County Jail"
/eby/npo/5639447694.html,"Living Skills Attendant - Brentwood, CA"
/sfc/npo/5639428148.html,RESIDENT SERVICES COORDINATOR (Senior Resource Center))
/eby/npo/5639411337.html,RESIDENT SERVICES COORDINATOR (Family Resource Center)
/eby/npo/5639377453.html,SAVE THE BEES üêù Local Nonprofit Hiring! Earn $400-650/WK
/eby/npo/5639376726.html,Case Manager (several positions available)
/sby/npo/5639359545.html,Mental Health Specialist- Community Worker
/scz/npo/5639354123.html,Workshop Facilitator
/eby/npo/5639353090.html,‚òÖSUMMER JOBS! FIGHT DISCRIMINATION!‚òÖ - $13-$17/hour
/scz/npo/5639350354.html,‚òÜSUMMER JOBS! FIGHT DISCRIMINATION!‚òÜ - $5600-$8300
/sfc/npo/5639345325.html,Maintenance III - SOMA
/sby/npo/5639342934.html,NUTRITION PROGRAM ASSISTANT-WIC
/sfc/npo/5639339455.html,Become an Activist - GET PAID TO SAVE THE TREES!
/sby/npo/5639316290.html,MENTAL HEALTH THERAPIST-OLDER ADULT (TEMPORARY)
/eby/npo/5639304224.html,Professional Parent - Work directly with youth!
/sby/npo/5639299960.html,Mental Health Therapist- DR Therapeutic Services
/sfc/npo/5639295690.html,Bilingual Behavioral Coach - Support youth and families!
/sfc/npo/5639292027.html,Regional Program Director - Africa
/eby/npo/5639291576.html,Clinician - Therapeutic Behavioral Services (TBS)
/eby/npo/5639288195.html,Community Programs Coordinator
/sby/npo/5639287002.html,MENTAL HEALTH THERAPIST- ADULT PROGRAM
/eby/npo/5639280983.html,Crisis Response Clinician - Support youth in crisis!
/sby/npo/5639280844.html,MENTAL HEALTH THERAPIST- FEP FIRST 5
/nby/npo/5639279927.html,Youth Counselor - Work with youth in the community!
/eby/npo/5639277893.html,Classroom Counselor - Interested in mental health and education?
/sfc/npo/5639277461.html,Development and Marketing Coordinator
/nby/npo/5639276196.html,Program Assistant/Health Information Specialist - Children's Nonprofit
/sby/npo/5639261990.html,MHS/MHRS- AVANCE (BILINGUAL SPANISH/ENGLISH)
/nby/npo/5639257643.html,AmeriCorps Positions working with families - Bilingual (Span/Eng) Req
/sby/npo/5639255921.html,MHS/MHRS- VIETNAMESE SPEAKING- AVANCE
/pen/npo/5639245307.html,"SOCIAL SERVICES DIRECTOR, SENIOR DAY HEALTH CENTER"
/scz/npo/5639243181.html,SUMMER AND YEAR ROUND POSITIONS WITH NATIONAL NONPROFIT $450-600/wk
/eby/npo/5639209812.html,Development & Communications Coordinator
/pen/npo/5639114958.html,Animal Care Technicians at the Humane Society
/pen/npo/5639112216.html,Veterinary Assistant/Technician -Full Time
/pen/npo/5639111324.html,Registered Veterinary Technician (Temporary to Possible Permanent)
/pen/npo/5639105243.html,Dispatcher for Animal Rescue & Control
/eby/npo/5639095730.html,School Resources VISTA
/sfc/npo/5639028520.html,Weekend Overnight Program Monitor - The Stanford
/sfc/npo/5639018124.html,Overnight Program Monitor - The Stanford
/eby/npo/5639005027.html,(Male) Group Facilitator
/eby/npo/5638994915.html,‚òÖFIGHT INTOLERANCE IN SCHOOLS!!!! EARN $13-$17/HOUR!
/eby/npo/5638971855.html,PERSONAL SERVICES COORDINATOR - ASW or MFTi license required
/eby/npo/5638969673.html,COUNSELOR FIELD BASED - MENTAL HEALTH PEER
/eby/npo/5638869774.html,‚ñ∂BUILD A TEAM OF ACTIVISTS TO RECLAIM OUR DEMOCRACY!Avg pay $10-$15/hr
/sfc/npo/5638764949.html,Launch Your Career in Sustainability While Making a Lasting Impact
/eby/npo/5638761535.html,Energy Analyst and Modeler
/sby/npo/5638706076.html,Property Manager 59 studio units (100% TCAC)
/sfc/npo/5638669415.html,Custodian - Rosa Parks (2 positions)
/eby/npo/5638665411.html,‚òÖHIRING IMMEDIATELY - PAID SUMMER JOBS IN 2016: FIGHT FOR EQUALITY
/scz/npo/5638660985.html,‚òÜHIRING IMMEDIATELY - PAID SUMMER JOBS IN 2016: FIGHT FOR EQUALITY
/eby/npo/5638634057.html,Community Integration Behavioral Specialist ***$14.20-15.00/hour***
/sfc/npo/5638632575.html,Community Integration Specialist ***14.20/hour***
/sfc/npo/5638627935.html,Maintenance II - Rosa Parks
/eby/npo/5638619535.html,WIC Nutrition Assistant (Bilingual)-Job No. 041115-WIC
/pen/npo/5638502907.html,Behavior Support for Children
/eby/npo/5638490373.html,Family Support Specialist 2 - Another Road to Safety Program
/eby/npo/5638484137.html,Mental Health Clinician - Alameda County
/eby/npo/5638478836.html,Parent Partner - Another Road to Safety Program
/eby/npo/5638467238.html,QA Data Assistant
/nby/npo/5637721034.html,Residential Counselors- Sierra Girls Center (All Shifts)
/nby/npo/5637691594.html,Database Management-AmeriCorps
/eby/npo/5637691191.html,Development Director
/sfc/npo/5637686303.html,Full Time Residential Counselor
/scz/npo/5637685093.html,"‚òÜMAKE FRIENDS, $$ AND A DIFFERENCE: EQUAL RIGHTS - $5600-$8300/SUMMER!"
/eby/npo/5637680552.html,"‚òÖMAKE FRIENDS, $$ AND A DIFFERENCE: EQUAL RIGHTS - $13-$17/hour!"
/sfc/npo/5637679430.html,Chief of Programs - Larkin Street Youth Services
/sfc/npo/5637676583.html,Property Manager (Pings)
/sfc/npo/5637654343.html,Agency Wide Floater
/nby/npo/5637653961.html,Clinical Supervisor - Children's Mental Health Agency
/sfc/npo/5637649186.html,Health Advocate
/eby/npo/5637648466.html,Classroom Therapist - Children's Mental Health Agency
/eby/npo/5637647289.html,Bilingual Clinical Intervention Specialist - Support youth!
/eby/npo/5637646618.html,Classroom Counselor - Interested in mental health and education?
/eby/npo/5637644613.html,Data Analyst - Children's Mental Health Agency
/eby/npo/5637643660.html,Program Assistant/Health Information Specialist - Support youth!
/pen/npo/5637641256.html,Administrative Assistant II
/eby/npo/5637639487.html,Case Manager
/eby/npo/5637554045.html,Afterschool Program/Site Coordinator
/sfc/npo/5637527770.html,Leasing Specialist - Temporary
/eby/npo/5637517344.html,Member Services/Office Manager
/pen/npo/5637493553.html,Case Manager- Bilingual (Spanish Speaking)
/scz/npo/5637483867.html,Full Time Counselor El Dorado Center - 061516CSS
/sby/npo/5637470182.html,LSCC General Assistant & Children's Ministry Staff
/nby/npo/5637463968.html,Behavior Support Staff - Adult Day Program
/sfc/npo/5637438253.html,Entry Level Marketer / Fundraiser - Immediate Hire Wanted
/eby/npo/5637433007.html,Early Childhood Wraparound Facilitator
/eby/npo/5637342720.html,‚ú≤UC STUDENT?‚ú≤Summer Campaign Jobs‚ú≤Avg $10-15/HR
/sfc/npo/5637339818.html,Philanthropy Associate - The Trust for Public Land
/nby/npo/5637330242.html,SUPPORT STAFF PERSON
/pen/npo/5637288798.html,Campaign Manager for Spirited Cause
/sby/npo/5637288241.html,Workforce Development Coordinator
link,title
/eby/npo/5640495804.html,PERSONAL SERVICES COORDINATOR - LCSW or MFT required - $10K SIGN ON!
/nby/npo/5640490364.html,Over-Night House Monitor for Transitional Re-entry Program
/eby/npo/5640486076.html,COUNSELOR FIELD BASED - MENTAL HEALTH PEER
/eby/npo/5640482234.html,PERSONAL SERVICES COORDINATOR - ASW or MFTi license required
/pen/npo/5640464534.html,"Associate, Member Engagement"
/sby/npo/5640426007.html,ILS Instructor
/scz/npo/5640405547.html,Community Training Instructor
/pen/npo/5640400436.html,"Program Director- Peninsula, South Bay, & Santa Cruz"
/sby/npo/5640399992.html,Job Coach
/eby/npo/5640396149.html,Community Training Instructor
/eby/npo/5640383767.html,‚ô¢SUMMER JOBS‚ô¢APPLY NOW TO WORK FOR SOCIAL CHANGE! EARN AVG $10-15/HR
/eby/npo/5640323589.html,BAY AREA CRISIS NURSERY - Childcare Facility Shift Manager Needed
/sby/npo/5640323208.html,Assoc. Community Worker- Temporary
/eby/npo/5640220026.html,Dispensing Nurse (per diem)
/sfc/npo/5640197410.html,VOLUNTEER AND LEGAL CLINICS COORDINATOR
/sfc/npo/5640167991.html,$17/hr Lifeguards & Water Safety Instructors for Disabled
/sfc/npo/5640155017.html,Executive Director
/sby/npo/5640084354.html,Challenger Teachers in Training ($17- $23/hr.)
/nby/npo/5639652200.html,Executive Director Sonoma County Bicycle Coalition
/sfc/npo/5639593068.html,Counselor for Plant-Medicine based Addiction Recovery Center
/eby/npo/5639534342.html,"ASW, MFT Interns, and graduate students for field/practicum placements"
/eby/npo/5639506470.html,Executive Assistant - Alameda County Democratic Party
/sfc/npo/5639474730.html,Family Support Specialist-Home Visitor
/sfc/npo/5639473162.html,"Lead Clinician, County Jail"
/eby/npo/5639447694.html,"Living Skills Attendant - Brentwood, CA"
/sfc/npo/5639428148.html,RESIDENT SERVICES COORDINATOR (Senior Resource Center))
/eby/npo/5639411337.html,RESIDENT SERVICES COORDINATOR (Family Resource Center)
/eby/npo/5639377453.html,SAVE THE BEES üêù Local Nonprofit Hiring! Earn $400-650/WK
/eby/npo/5639376726.html,Case Manager (several positions available)
/sby/npo/5639359545.html,Mental Health Specialist- Community Worker
/scz/npo/5639354123.html,Workshop Facilitator
/eby/npo/5639353090.html,‚òÖSUMMER JOBS! FIGHT DISCRIMINATION!‚òÖ - $13-$17/hour
/scz/npo/5639350354.html,‚òÜSUMMER JOBS! FIGHT DISCRIMINATION!‚òÜ - $5600-$8300
/sfc/npo/5639345325.html,Maintenance III - SOMA
/sby/npo/5639342934.html,NUTRITION PROGRAM ASSISTANT-WIC
/sfc/npo/5639339455.html,Become an Activist - GET PAID TO SAVE THE TREES!
/sby/npo/5639316290.html,MENTAL HEALTH THERAPIST-OLDER ADULT (TEMPORARY)
/eby/npo/5639304224.html,Professional Parent - Work directly with youth!
/sby/npo/5639299960.html,Mental Health Therapist- DR Therapeutic Services
/sfc/npo/5639295690.html,Bilingual Behavioral Coach - Support youth and families!
/sfc/npo/5639292027.html,Regional Program Director - Africa
/eby/npo/5639291576.html,Clinician - Therapeutic Behavioral Services (TBS)
/eby/npo/5639288195.html,Community Programs Coordinator
/sby/npo/5639287002.html,MENTAL HEALTH THERAPIST- ADULT PROGRAM
/eby/npo/5639280983.html,Crisis Response Clinician - Support youth in crisis!
/sby/npo/5639280844.html,MENTAL HEALTH THERAPIST- FEP FIRST 5
/nby/npo/5639279927.html,Youth Counselor - Work with youth in the community!
/eby/npo/5639277893.html,Classroom Counselor - Interested in mental health and education?
/sfc/npo/5639277461.html,Development and Marketing Coordinator
/nby/npo/5639276196.html,Program Assistant/Health Information Specialist - Children's Nonprofit
/sby/npo/5639261990.html,MHS/MHRS- AVANCE (BILINGUAL SPANISH/ENGLISH)
/nby/npo/5639257643.html,AmeriCorps Positions working with families - Bilingual (Span/Eng) Req
/sby/npo/5639255921.html,MHS/MHRS- VIETNAMESE SPEAKING- AVANCE
/pen/npo/5639245307.html,"SOCIAL SERVICES DIRECTOR, SENIOR DAY HEALTH CENTER"
/scz/npo/5639243181.html,SUMMER AND YEAR ROUND POSITIONS WITH NATIONAL NONPROFIT $450-600/wk
/eby/npo/5639209812.html,Development & Communications Coordinator
/pen/npo/5639114958.html,Animal Care Technicians at the Humane Society
/pen/npo/5639112216.html,Veterinary Assistant/Technician -Full Time
/pen/npo/5639111324.html,Registered Veterinary Technician (Temporary to Possible Permanent)
/pen/npo/5639105243.html,Dispatcher for Animal Rescue & Control
/eby/npo/5639095730.html,School Resources VISTA
/sfc/npo/5639028520.html,Weekend Overnight Program Monitor - The Stanford
/sfc/npo/5639018124.html,Overnight Program Monitor - The Stanford
/eby/npo/5639005027.html,(Male) Group Facilitator
/eby/npo/5638994915.html,‚òÖFIGHT INTOLERANCE IN SCHOOLS!!!! EARN $13-$17/HOUR!
/eby/npo/5638971855.html,PERSONAL SERVICES COORDINATOR - ASW or MFTi license required
/eby/npo/5638969673.html,COUNSELOR FIELD BASED - MENTAL HEALTH PEER
/eby/npo/5638869774.html,‚ñ∂BUILD A TEAM OF ACTIVISTS TO RECLAIM OUR DEMOCRACY!Avg pay $10-$15/hr
/sfc/npo/5638764949.html,Launch Your Career in Sustainability While Making a Lasting Impact
/eby/npo/5638761535.html,Energy Analyst and Modeler
/sby/npo/5638706076.html,Property Manager 59 studio units (100% TCAC)
/sfc/npo/5638669415.html,Custodian - Rosa Parks (2 positions)
/eby/npo/5638665411.html,‚òÖHIRING IMMEDIATELY - PAID SUMMER JOBS IN 2016: FIGHT FOR EQUALITY
/scz/npo/5638660985.html,‚òÜHIRING IMMEDIATELY - PAID SUMMER JOBS IN 2016: FIGHT FOR EQUALITY
/eby/npo/5638634057.html,Community Integration Behavioral Specialist ***$14.20-15.00/hour***
/sfc/npo/5638632575.html,Community Integration Specialist ***14.20/hour***
/sfc/npo/5638627935.html,Maintenance II - Rosa Parks
/eby/npo/5638619535.html,WIC Nutrition Assistant (Bilingual)-Job No. 041115-WIC
/pen/npo/5638502907.html,Behavior Support for Children
/eby/npo/5638490373.html,Family Support Specialist 2 - Another Road to Safety Program
/eby/npo/5638484137.html,Mental Health Clinician - Alameda County
/eby/npo/5638478836.html,Parent Partner - Another Road to Safety Program
/eby/npo/5638467238.html,QA Data Assistant
/nby/npo/5637721034.html,Residential Counselors- Sierra Girls Center (All Shifts)
/nby/npo/5637691594.html,Database Management-AmeriCorps
/eby/npo/5637691191.html,Development Director
/sfc/npo/5637686303.html,Full Time Residential Counselor
/scz/npo/5637685093.html,"‚òÜMAKE FRIENDS, $$ AND A DIFFERENCE: EQUAL RIGHTS - $5600-$8300/SUMMER!"
/eby/npo/5637680552.html,"‚òÖMAKE FRIENDS, $$ AND A DIFFERENCE: EQUAL RIGHTS - $13-$17/hour!"
/sfc/npo/5637679430.html,Chief of Programs - Larkin Street Youth Services
/sfc/npo/5637676583.html,Property Manager (Pings)
/sfc/npo/5637654343.html,Agency Wide Floater
/nby/npo/5637653961.html,Clinical Supervisor - Children's Mental Health Agency
/sfc/npo/5637649186.html,Health Advocate
/eby/npo/5637648466.html,Classroom Therapist - Children's Mental Health Agency
/eby/npo/5637647289.html,Bilingual Clinical Intervention Specialist - Support youth!
/eby/npo/5637646618.html,Classroom Counselor - Interested in mental health and education?
/eby/npo/5637644613.html,Data Analyst - Children's Mental Health Agency
/eby/npo/5637643660.html,Program Assistant/Health Information Specialist - Support youth!
/pen/npo/5637641256.html,Administrative Assistant II
